{
	"goods_id": 10001,
	"goods_name": "连花清瘟胶囊，清瘟解毒，宣肺泄热。用于治疗流行性感冒属热毒袭肺证",
	"goods_price": 148.00,
	"goods_pic_small": "../img/xiyao7.jpg",
	"goods_pic_large": "img/xiyao8.jpg",
	"color": {
		"1000101": {
			"id": "1000101",
			"type": "北京药业",
			"sale_price": "24.00",
			"stock": 12
		},
		"1000102": {
			"id": "1000102",
			"type": "上海药业",
			"sale_price": "45.00",
			"stock": 65
		},
		"1000103": {
			"id": "1000103",
			"type": "广州药业",
			"sale_price": "41.00",
			"stock": 307
		},
		"1000104": {
			"id": "1000104",
			"type": "宁夏药业",
			"sale_price": "29.00",
			"stock": 39
		},
		"1000105": {
			"id": "1000105",
			"type": "天津药业",
			"sale_price": "99.00",
			"stock": 399
		},
		"1000106": {
			"id": "1000106",
			"type": "石家庄药业",
			"sale_price": "99.00",
			"stock": 56
		}
	}
}