[
	{
		"lunbo":{	"lunbo1":"../img/short-img1.jpg",
					"lunbo2":"../img/short-img2.jpg"
		},
		"sugimg":[
			{	"pic":"../img/haoning1.jpg",
				"title":"手提式氧气发生器",
				"guige":"规格:20AB"
			},
			{
				"pic":"../img/haoning2.jpg",
				"title":"非接触式电子体温计",
				"guige":"规格:20AB"
			},
			{"pic":"../img/haoning3.jpg",
				"title":"颈椎牵引器B型",
				"guige":"规格:20AB"
			},
			{"pic":"../img/haoning4.jpg",
				"title":"颈椎牵引器B型",
				"guige":"规格:20AB"
			},
			{"pic":"../img/haoning5.jpg",
				"title":"一次性使用吸痰管",
				"guige":"规格:20AB"
			},
			{"pic":"../img/haoning6.jpg",
				"title":"血压计-听诊器保健盒",
				"guige":"规格:20AB"
			},
			{"pic":"../img/haoning7.jpg",
				"title":"电子血压计",
				"guige":"规格:20AB"
			},
			{"pic":"../img/haoning8.jpg",
				"title":"血压表",
				"guige":"规格:20AB"
			}
		]
	},
	{
		"lunbo":{	"lunbo1":"../img/short-img3.jpg",
			"lunbo2":"../img/short-img1.jpg"
		},
		"sugimg":[
		{	"pic":"../img/haoning9.jpg",
			"title":"手提式氧气发生器",
			"guige":"规格:20AB"
		},
		{
			"pic":"../img/haoning10.jpg",
			"title":"非接触式电子体温计",
			"guige":"规格:20AB"
		},
		{"pic":"../img/haoning11.jpg",
			"title":"颈椎牵引器B型",
			"guige":"规格:20AB"
		},
		{"pic":"../img/haoning12.jpg",
			"title":"颈椎牵引器B型",
			"guige":"规格:20AB"
		},
		{"pic":"../img/haoning13.jpg",
			"title":"一次性使用吸痰管",
			"guige":"规格:20AB"
		},
		{"pic":"../img/haoning14.jpg",
			"title":"血压计-听诊器保健盒",
			"guige":"规格:20AB"
		},
		{"pic":"../img/haoning15.jpg",
			"title":"电子血压计",
			"guige":"规格:20AB"
		},
		{"pic":"../img/haoning16.jpg",
			"title":"血压表",
			"guige":"规格:20AB"
		}]
	},
	{
		"lunbo":{	"lunbo1":"../img/short-img1.jpg",
			"lunbo2":"../img/short-img2.jpg"
		},
		"sugimg":[
			{	"pic":"../img/haoning15.jpg",
				"title":"手提式氧气发生器",
				"guige":"规格:20AB"
			},
			{
				"pic":"../img/haoning14.jpg",
				"title":"非接触式电子体温计",
				"guige":"规格:20AB"
			},
			{"pic":"../img/haoning15.jpg",
				"title":"颈椎牵引器B型",
				"guige":"规格:20AB"
			},
			{"pic":"../img/haoning16.jpg",
				"title":"颈椎牵引器B型",
				"guige":"规格:20AB"
			},
			{"pic":"../img/haoning17.jpg",
				"title":"一次性使用吸痰管",
				"guige":"规格:20AB"
			},
			{"pic":"../img/haoning5.jpg",
				"title":"血压计-听诊器保健盒",
				"guige":"规格:20AB"
			},
			{"pic":"../img/haoning4.jpg",
				"title":"电子血压计",
				"guige":"规格:20AB"
			},
			{"pic":"../img/haoning8.jpg",
				"title":"血压表",
				"guige":"规格:20AB"
			}
		]
	},
	{
		"lunbo":{	"lunbo1":"../img/short-img3.jpg",
			"lunbo2":"../img/short-img2.jpg"
		},
		"sugimg":[
			{	"pic":"../img/haoning4.jpg",
				"title":"手提式氧气发生器",
				"guige":"规格:20AB"
			},
			{
				"pic":"../img/haoning5.jpg",
				"title":"非接触式电子体温计",
				"guige":"规格:20AB"
			},
			{"pic":"../img/haoning6.jpg",
				"title":"颈椎牵引器B型",
				"guige":"规格:20AB"
			},
			{"pic":"../img/haoning7.jpg",
				"title":"颈椎牵引器B型",
				"guige":"规格:20AB"
			},
			{"pic":"../img/haoning8.jpg",
				"title":"一次性使用吸痰管",
				"guige":"规格:20AB"
			},
			{"pic":"../img/haoning9.jpg",
				"title":"血压计-听诊器保健盒",
				"guige":"规格:20AB"
			},
			{"pic":"../img/haoning10.jpg",
				"title":"电子血压计",
				"guige":"规格:20AB"
			},
			{"pic":"../img/haoning11.jpg",
				"title":"血压表",
				"guige":"规格:20AB"
			}
		]
	},
	{
		"lunbo":{	"lunbo1":"../img/short-img3.jpg",
			"lunbo2":"../img/short-img2.jpg"
		},
		"sugimg":[
			{	"pic":"../img/haoning1.jpg",
				"title":"手提式氧气发生器",
				"guige":"规格:20AB"
			},
			{
				"pic":"../img/haoning2.jpg",
				"title":"非接触式电子体温计",
				"guige":"规格:20AB"
			},
			{"pic":"../img/haoning3.jpg",
				"title":"颈椎牵引器B型",
				"guige":"规格:20AB"
			},
			{"pic":"../img/haoning4.jpg",
				"title":"颈椎牵引器B型",
				"guige":"规格:20AB"
			},
			{"pic":"../img/haoning5.jpg",
				"title":"一次性使用吸痰管",
				"guige":"规格:20AB"
			},
			{"pic":"../img/haoning6.jpg",
				"title":"血压计-听诊器保健盒",
				"guige":"规格:20AB"
			},
			{"pic":"../img/haoning7.jpg",
				"title":"电子血压计",
				"guige":"规格:20AB"
			},
			{"pic":"../img/haoning8.jpg",
				"title":"血压表",
				"guige":"规格:20AB"
			}
		]
	}
	
]