[
	{
		"lou":"1F西药",
		"tu1":"../img/xiyao1.jpg",
		"tu2":"../img/xiyao2.jpg",
		"tu3":"../img/xiyao3.jpg",
		"tu4":"../img/xiyao4.jpg",
		"tu5":"../img/xiyao5.jpg",
		"tu6":"../img/xiyao6.jpg",
		"tu7":"../img/xiyao7.jpg",
		"tu8":"../img/xiyao8.jpg"
	},
	{
		"lou":"2F中成药",
		"tu1":"../img/zhongyao1.jpg",
		"tu2":"../img/zhongyao2.jpg",
		"tu3":"../img/zhongyao3.jpg",
		"tu4":"../img/zhongyao4.jpg",
		"tu5":"../img/zhongyao5.jpg",
		"tu6":"../img/zhongyao6.jpg",
		"tu7":"../img/zhongyao7.jpg",
		"tu8":"../img/zhongyao8.jpg"
	},
	{
		"lou":"3F保健食品",
		"tu1":"../img/baojian1.jpg",
		"tu2":"../img/baojian2.jpg",
		"tu3":"../img/baojian3.jpg",
		"tu4":"../img/baojian4.jpg",
		"tu5":"../img/baojian5.jpg",
		"tu6":"../img/baojian6.jpg",
		"tu7":"../img/baojian7.jpg",
		"tu8":"../img/baojian8.jpg"
	},
	{
		"lou":"4F医疗器械",
		"tu1":"../img/zhongyao1.jpg",
		"tu2":"../img/zhongyao2.jpg",
		"tu3":"../img/zhongyao3.jpg",
		"tu4":"../img/zhongyao4.jpg",
		"tu5":"../img/zhongyao5.jpg",
		"tu6":"../img/zhongyao6.jpg",
		"tu7":"../img/zhongyao7.jpg",
		"tu8":"../img/zhongyao8.jpg"
	}
	

]